[
{
    "model": "auth.permission",
    "pk": 1,
    "fields": {
        "name": "Can add log entry",
        "content_type": 1,
        "codename": "add_logentry"
    }
},
{
    "model": "auth.permission",
    "pk": 2,
    "fields": {
        "name": "Can change log entry",
        "content_type": 1,
        "codename": "change_logentry"
    }
},
{
    "model": "auth.permission",
    "pk": 3,
    "fields": {
        "name": "Can delete log entry",
        "content_type": 1,
        "codename": "delete_logentry"
    }
},
{
    "model": "auth.permission",
    "pk": 4,
    "fields": {
        "name": "Can view log entry",
        "content_type": 1,
        "codename": "view_logentry"
    }
},
{
    "model": "auth.permission",
    "pk": 5,
    "fields": {
        "name": "Can add permission",
        "content_type": 2,
        "codename": "add_permission"
    }
},
{
    "model": "auth.permission",
    "pk": 6,
    "fields": {
        "name": "Can change permission",
        "content_type": 2,
        "codename": "change_permission"
    }
},
{
    "model": "auth.permission",
    "pk": 7,
    "fields": {
        "name": "Can delete permission",
        "content_type": 2,
        "codename": "delete_permission"
    }
},
{
    "model": "auth.permission",
    "pk": 8,
    "fields": {
        "name": "Can view permission",
        "content_type": 2,
        "codename": "view_permission"
    }
},
{
    "model": "auth.permission",
    "pk": 9,
    "fields": {
        "name": "Can add group",
        "content_type": 3,
        "codename": "add_group"
    }
},
{
    "model": "auth.permission",
    "pk": 10,
    "fields": {
        "name": "Can change group",
        "content_type": 3,
        "codename": "change_group"
    }
},
{
    "model": "auth.permission",
    "pk": 11,
    "fields": {
        "name": "Can delete group",
        "content_type": 3,
        "codename": "delete_group"
    }
},
{
    "model": "auth.permission",
    "pk": 12,
    "fields": {
        "name": "Can view group",
        "content_type": 3,
        "codename": "view_group"
    }
},
{
    "model": "auth.permission",
    "pk": 13,
    "fields": {
        "name": "Can add user",
        "content_type": 4,
        "codename": "add_user"
    }
},
{
    "model": "auth.permission",
    "pk": 14,
    "fields": {
        "name": "Can change user",
        "content_type": 4,
        "codename": "change_user"
    }
},
{
    "model": "auth.permission",
    "pk": 15,
    "fields": {
        "name": "Can delete user",
        "content_type": 4,
        "codename": "delete_user"
    }
},
{
    "model": "auth.permission",
    "pk": 16,
    "fields": {
        "name": "Can view user",
        "content_type": 4,
        "codename": "view_user"
    }
},
{
    "model": "auth.permission",
    "pk": 17,
    "fields": {
        "name": "Can add content type",
        "content_type": 5,
        "codename": "add_contenttype"
    }
},
{
    "model": "auth.permission",
    "pk": 18,
    "fields": {
        "name": "Can change content type",
        "content_type": 5,
        "codename": "change_contenttype"
    }
},
{
    "model": "auth.permission",
    "pk": 19,
    "fields": {
        "name": "Can delete content type",
        "content_type": 5,
        "codename": "delete_contenttype"
    }
},
{
    "model": "auth.permission",
    "pk": 20,
    "fields": {
        "name": "Can view content type",
        "content_type": 5,
        "codename": "view_contenttype"
    }
},
{
    "model": "auth.permission",
    "pk": 21,
    "fields": {
        "name": "Can add session",
        "content_type": 6,
        "codename": "add_session"
    }
},
{
    "model": "auth.permission",
    "pk": 22,
    "fields": {
        "name": "Can change session",
        "content_type": 6,
        "codename": "change_session"
    }
},
{
    "model": "auth.permission",
    "pk": 23,
    "fields": {
        "name": "Can delete session",
        "content_type": 6,
        "codename": "delete_session"
    }
},
{
    "model": "auth.permission",
    "pk": 24,
    "fields": {
        "name": "Can view session",
        "content_type": 6,
        "codename": "view_session"
    }
},
{
    "model": "auth.permission",
    "pk": 25,
    "fields": {
        "name": "Can add usuario",
        "content_type": 7,
        "codename": "add_usuario"
    }
},
{
    "model": "auth.permission",
    "pk": 26,
    "fields": {
        "name": "Can change usuario",
        "content_type": 7,
        "codename": "change_usuario"
    }
},
{
    "model": "auth.permission",
    "pk": 27,
    "fields": {
        "name": "Can delete usuario",
        "content_type": 7,
        "codename": "delete_usuario"
    }
},
{
    "model": "auth.permission",
    "pk": 28,
    "fields": {
        "name": "Can view usuario",
        "content_type": 7,
        "codename": "view_usuario"
    }
},
{
    "model": "auth.permission",
    "pk": 29,
    "fields": {
        "name": "Can add proyecto",
        "content_type": 8,
        "codename": "add_proyecto"
    }
},
{
    "model": "auth.permission",
    "pk": 30,
    "fields": {
        "name": "Can change proyecto",
        "content_type": 8,
        "codename": "change_proyecto"
    }
},
{
    "model": "auth.permission",
    "pk": 31,
    "fields": {
        "name": "Can delete proyecto",
        "content_type": 8,
        "codename": "delete_proyecto"
    }
},
{
    "model": "auth.permission",
    "pk": 32,
    "fields": {
        "name": "Can view proyecto",
        "content_type": 8,
        "codename": "view_proyecto"
    }
},
{
    "model": "auth.permission",
    "pk": 33,
    "fields": {
        "name": "Can add tarea",
        "content_type": 9,
        "codename": "add_tarea"
    }
},
{
    "model": "auth.permission",
    "pk": 34,
    "fields": {
        "name": "Can change tarea",
        "content_type": 9,
        "codename": "change_tarea"
    }
},
{
    "model": "auth.permission",
    "pk": 35,
    "fields": {
        "name": "Can delete tarea",
        "content_type": 9,
        "codename": "delete_tarea"
    }
},
{
    "model": "auth.permission",
    "pk": 36,
    "fields": {
        "name": "Can view tarea",
        "content_type": 9,
        "codename": "view_tarea"
    }
},
{
    "model": "auth.permission",
    "pk": 37,
    "fields": {
        "name": "Can add etiqueta",
        "content_type": 10,
        "codename": "add_etiqueta"
    }
},
{
    "model": "auth.permission",
    "pk": 38,
    "fields": {
        "name": "Can change etiqueta",
        "content_type": 10,
        "codename": "change_etiqueta"
    }
},
{
    "model": "auth.permission",
    "pk": 39,
    "fields": {
        "name": "Can delete etiqueta",
        "content_type": 10,
        "codename": "delete_etiqueta"
    }
},
{
    "model": "auth.permission",
    "pk": 40,
    "fields": {
        "name": "Can view etiqueta",
        "content_type": 10,
        "codename": "view_etiqueta"
    }
},
{
    "model": "auth.permission",
    "pk": 41,
    "fields": {
        "name": "Can add asignacion de tarea",
        "content_type": 11,
        "codename": "add_asignaciondetarea"
    }
},
{
    "model": "auth.permission",
    "pk": 42,
    "fields": {
        "name": "Can change asignacion de tarea",
        "content_type": 11,
        "codename": "change_asignaciondetarea"
    }
},
{
    "model": "auth.permission",
    "pk": 43,
    "fields": {
        "name": "Can delete asignacion de tarea",
        "content_type": 11,
        "codename": "delete_asignaciondetarea"
    }
},
{
    "model": "auth.permission",
    "pk": 44,
    "fields": {
        "name": "Can view asignacion de tarea",
        "content_type": 11,
        "codename": "view_asignaciondetarea"
    }
},
{
    "model": "auth.permission",
    "pk": 45,
    "fields": {
        "name": "Can add comentario",
        "content_type": 12,
        "codename": "add_comentario"
    }
},
{
    "model": "auth.permission",
    "pk": 46,
    "fields": {
        "name": "Can change comentario",
        "content_type": 12,
        "codename": "change_comentario"
    }
},
{
    "model": "auth.permission",
    "pk": 47,
    "fields": {
        "name": "Can delete comentario",
        "content_type": 12,
        "codename": "delete_comentario"
    }
},
{
    "model": "auth.permission",
    "pk": 48,
    "fields": {
        "name": "Can view comentario",
        "content_type": 12,
        "codename": "view_comentario"
    }
},
{
    "model": "auth.permission",
    "pk": 49,
    "fields": {
        "name": "Can add usuario_ proyecto",
        "content_type": 13,
        "codename": "add_usuario_proyecto"
    }
},
{
    "model": "auth.permission",
    "pk": 50,
    "fields": {
        "name": "Can change usuario_ proyecto",
        "content_type": 13,
        "codename": "change_usuario_proyecto"
    }
},
{
    "model": "auth.permission",
    "pk": 51,
    "fields": {
        "name": "Can delete usuario_ proyecto",
        "content_type": 13,
        "codename": "delete_usuario_proyecto"
    }
},
{
    "model": "auth.permission",
    "pk": 52,
    "fields": {
        "name": "Can view usuario_ proyecto",
        "content_type": 13,
        "codename": "view_usuario_proyecto"
    }
},
{
    "model": "auth.permission",
    "pk": 53,
    "fields": {
        "name": "Can add usuarios_ tareas",
        "content_type": 14,
        "codename": "add_usuarios_tareas"
    }
},
{
    "model": "auth.permission",
    "pk": 54,
    "fields": {
        "name": "Can change usuarios_ tareas",
        "content_type": 14,
        "codename": "change_usuarios_tareas"
    }
},
{
    "model": "auth.permission",
    "pk": 55,
    "fields": {
        "name": "Can delete usuarios_ tareas",
        "content_type": 14,
        "codename": "delete_usuarios_tareas"
    }
},
{
    "model": "auth.permission",
    "pk": 56,
    "fields": {
        "name": "Can view usuarios_ tareas",
        "content_type": 14,
        "codename": "view_usuarios_tareas"
    }
},
{
    "model": "auth.permission",
    "pk": 57,
    "fields": {
        "name": "Can add tarea_ etiqueta",
        "content_type": 15,
        "codename": "add_tarea_etiqueta"
    }
},
{
    "model": "auth.permission",
    "pk": 58,
    "fields": {
        "name": "Can change tarea_ etiqueta",
        "content_type": 15,
        "codename": "change_tarea_etiqueta"
    }
},
{
    "model": "auth.permission",
    "pk": 59,
    "fields": {
        "name": "Can delete tarea_ etiqueta",
        "content_type": 15,
        "codename": "delete_tarea_etiqueta"
    }
},
{
    "model": "auth.permission",
    "pk": 60,
    "fields": {
        "name": "Can view tarea_ etiqueta",
        "content_type": 15,
        "codename": "view_tarea_etiqueta"
    }
},
{
    "model": "contenttypes.contenttype",
    "pk": 1,
    "fields": {
        "app_label": "admin",
        "model": "logentry"
    }
},
{
    "model": "contenttypes.contenttype",
    "pk": 2,
    "fields": {
        "app_label": "auth",
        "model": "permission"
    }
},
{
    "model": "contenttypes.contenttype",
    "pk": 3,
    "fields": {
        "app_label": "auth",
        "model": "group"
    }
},
{
    "model": "contenttypes.contenttype",
    "pk": 4,
    "fields": {
        "app_label": "auth",
        "model": "user"
    }
},
{
    "model": "contenttypes.contenttype",
    "pk": 5,
    "fields": {
        "app_label": "contenttypes",
        "model": "contenttype"
    }
},
{
    "model": "contenttypes.contenttype",
    "pk": 6,
    "fields": {
        "app_label": "sessions",
        "model": "session"
    }
},
{
    "model": "contenttypes.contenttype",
    "pk": 7,
    "fields": {
        "app_label": "creacionModelo",
        "model": "usuario"
    }
},
{
    "model": "contenttypes.contenttype",
    "pk": 8,
    "fields": {
        "app_label": "creacionModelo",
        "model": "proyecto"
    }
},
{
    "model": "contenttypes.contenttype",
    "pk": 9,
    "fields": {
        "app_label": "creacionModelo",
        "model": "tarea"
    }
},
{
    "model": "contenttypes.contenttype",
    "pk": 10,
    "fields": {
        "app_label": "creacionModelo",
        "model": "etiqueta"
    }
},
{
    "model": "contenttypes.contenttype",
    "pk": 11,
    "fields": {
        "app_label": "creacionModelo",
        "model": "asignaciondetarea"
    }
},
{
    "model": "contenttypes.contenttype",
    "pk": 12,
    "fields": {
        "app_label": "creacionModelo",
        "model": "comentario"
    }
},
{
    "model": "contenttypes.contenttype",
    "pk": 13,
    "fields": {
        "app_label": "creacionModelo",
        "model": "usuario_proyecto"
    }
},
{
    "model": "contenttypes.contenttype",
    "pk": 14,
    "fields": {
        "app_label": "creacionModelo",
        "model": "usuarios_tareas"
    }
},
{
    "model": "contenttypes.contenttype",
    "pk": 15,
    "fields": {
        "app_label": "creacionModelo",
        "model": "tarea_etiqueta"
    }
},
{
    "model": "creacionModelo.usuario",
    "pk": 1,
    "fields": {
        "nombre": "Final political might interest action. Trade without operation magazine employee. Into population ho",
        "contraseña": "Floor physical ability item actually generation by. Fire dinner offer without into south activity. T",
        "fechaRegistro": "1998-02-07"
    }
},
{
    "model": "creacionModelo.usuario",
    "pk": 2,
    "fields": {
        "nombre": "Member under speech I. Reason I industry magazine financial stop nearly.\nCollege seem discover itsel",
        "contraseña": "You back soon moment environmental wind purpose night. Reason hold break stage perform consider worl",
        "fechaRegistro": "1980-04-03"
    }
},
{
    "model": "creacionModelo.usuario",
    "pk": 3,
    "fields": {
        "nombre": "Describe back growth television garden.",
        "contraseña": "Tax collection recent deal. Experience agency professional today.\nSurface voice child often have new",
        "fechaRegistro": "1979-11-19"
    }
},
{
    "model": "creacionModelo.usuario",
    "pk": 4,
    "fields": {
        "nombre": "General attack commercial challenge. Dream kind last every. Reduce story happen stock budget.\nJob li",
        "contraseña": "Scene education realize religious around. Go despite people window because policy join.\nPopular repo",
        "fechaRegistro": "1997-01-08"
    }
},
{
    "model": "creacionModelo.usuario",
    "pk": 5,
    "fields": {
        "nombre": "Lead too create space worry Mr. Among listen account hair wear.\nInvolve participant wait low west wa",
        "contraseña": "Hit buy several quite arrive wall store. People girl truth score.\nHouse if window measure. Artist st",
        "fechaRegistro": "2017-04-08"
    }
},
{
    "model": "creacionModelo.usuario",
    "pk": 6,
    "fields": {
        "nombre": "Campaign last agent land bill assume. Cause nor item. Learn food build.\nFast particular real energy.",
        "contraseña": "Spend find loss a. Result others price until. Fear allow former tough identify mean.\nCreate end lett",
        "fechaRegistro": "1988-12-10"
    }
},
{
    "model": "creacionModelo.usuario",
    "pk": 7,
    "fields": {
        "nombre": "Prove form behavior peace condition common. Art never here join power.\nIts PM reach. Score thousand ",
        "contraseña": "Join issue sea respond moment. Person door figure college. Food spend type argue author continue pri",
        "fechaRegistro": "1986-09-14"
    }
},
{
    "model": "creacionModelo.usuario",
    "pk": 8,
    "fields": {
        "nombre": "Center magazine reduce like month similar. Surface senior behavior term. Value high system true impo",
        "contraseña": "Home senior put soldier. Happy ok significant however relate.\nIncrease lot friend far church catch m",
        "fechaRegistro": "2001-08-15"
    }
},
{
    "model": "creacionModelo.usuario",
    "pk": 9,
    "fields": {
        "nombre": "Alone like cause picture maybe. Father wonder build born. Approach loss soldier professional range. ",
        "contraseña": "Not chair wife throw late price. Democrat wait rate break. Page could occur citizen actually lot gen",
        "fechaRegistro": "2019-10-20"
    }
},
{
    "model": "creacionModelo.usuario",
    "pk": 10,
    "fields": {
        "nombre": "Lawyer fear short what miss clearly thus law. Their future beat interest suggest education.",
        "contraseña": "Long individual program everything senior. Whether series I when speak. Why occur give course.\nSort ",
        "fechaRegistro": "1976-07-13"
    }
},
{
    "model": "creacionModelo.usuario",
    "pk": 11,
    "fields": {
        "nombre": "Activity study quickly that his. Throw throughout million together.\nHow voice catch help director we",
        "contraseña": "Kid become program star. Girl section yeah data world. Kitchen court north. Poor her you party memor",
        "fechaRegistro": "1983-10-19"
    }
},
{
    "model": "creacionModelo.usuario",
    "pk": 12,
    "fields": {
        "nombre": "Opportunity success return party. Left should employee over brother project save. Listen indicate ou",
        "contraseña": "Morning relationship these budget campaign miss. Them decision see stay music. As wrong fill public ",
        "fechaRegistro": "2001-02-10"
    }
},
{
    "model": "creacionModelo.usuario",
    "pk": 13,
    "fields": {
        "nombre": "Ground relationship seem important.\nDetail serve wait final group author simply rich. Community gun ",
        "contraseña": "Give oil face field measure fund bed. Suffer east friend stock easy item. Should strong music skill ",
        "fechaRegistro": "1995-06-28"
    }
},
{
    "model": "creacionModelo.usuario",
    "pk": 14,
    "fields": {
        "nombre": "Conference friend anything protect. Grow smile over.\nSpecific probably first look peace.\nCase force ",
        "contraseña": "Pattern those year wide enter east. Agree loss include success theory arrive price. Interest availab",
        "fechaRegistro": "1998-01-20"
    }
},
{
    "model": "creacionModelo.usuario",
    "pk": 15,
    "fields": {
        "nombre": "Item behind share new design. Way authority available book performance sing door.\nEdge how story wes",
        "contraseña": "Daughter month development high beautiful fine. Order how author might produce school all. For much ",
        "fechaRegistro": "1980-06-20"
    }
},
{
    "model": "creacionModelo.proyecto",
    "pk": 1,
    "fields": {
        "nombre": "Board language wear prepare deep low behind.\nBase life say development prove so few. Picture receive",
        "descripcion": "Young court sometimes director. Oil administration whose this feeling part. See help beat history during thousand.\nState relate writer responsibility guess according late expect. Health not will.",
        "duracionEstimada": 0.6948423987898172,
        "fechaInicio": "1979-11-16",
        "fechaFin": "1981-09-10",
        "creador": 4
    }
},
{
    "model": "creacionModelo.proyecto",
    "pk": 2,
    "fields": {
        "nombre": "Action list chance collection across. Subject begin his even expert mind. Set campaign measure north",
        "descripcion": "Former perhaps economy. School room room. Property probably matter player sell economy positive.\nHead information put near. Heart similar appear end notice support.",
        "duracionEstimada": 0.368931669802152,
        "fechaInicio": "1989-04-29",
        "fechaFin": "1977-01-02",
        "creador": 13
    }
},
{
    "model": "creacionModelo.proyecto",
    "pk": 3,
    "fields": {
        "nombre": "Parent officer approach rest on research. Civil quality service purpose believe. Begin put natural D",
        "descripcion": "Here stop four decade good.\nPositive everybody herself level explain local fear. Air walk think modern land. Thousand along become tree.",
        "duracionEstimada": 0.5474063076849535,
        "fechaInicio": "1971-03-31",
        "fechaFin": "1986-02-03",
        "creador": 12
    }
},
{
    "model": "creacionModelo.proyecto",
    "pk": 4,
    "fields": {
        "nombre": "Program just doctor top. Use scientist money from. Why interest anything military senior particular ",
        "descripcion": "Trade focus service beat building friend. Already any reason sign when place local positive. Around drug writer century official morning.",
        "duracionEstimada": 0.17801842420120106,
        "fechaInicio": "2020-04-28",
        "fechaFin": "1978-03-18",
        "creador": 7
    }
},
{
    "model": "creacionModelo.proyecto",
    "pk": 5,
    "fields": {
        "nombre": "Prevent reality figure message nice close support. Piece education method accept rest. Or rock artic",
        "descripcion": "Behind student Mrs gun. Quickly he pick shoulder space.\nHer four place always more return lay. Less so key response security. Off laugh factor early term security someone.",
        "duracionEstimada": 0.9106544316397364,
        "fechaInicio": "1980-11-13",
        "fechaFin": "2004-01-20",
        "creador": 3
    }
},
{
    "model": "creacionModelo.proyecto",
    "pk": 6,
    "fields": {
        "nombre": "Cover have land century must arm area arm. Red respond we fire always analysis. Tell while physical ",
        "descripcion": "Be show sure election maybe sound unit.\nSome begin official meet exactly service call. Role home another sign design probably. Few also much team local.",
        "duracionEstimada": 0.12353521765730047,
        "fechaInicio": "1978-12-10",
        "fechaFin": "1983-11-30",
        "creador": 5
    }
},
{
    "model": "creacionModelo.proyecto",
    "pk": 7,
    "fields": {
        "nombre": "Magazine always time if sort. Region guess meet. Structure line inside girl plan box operation belie",
        "descripcion": "Care population drop friend professor. Foot water wear Congress camera picture. Keep beyond specific.\nWhat low once on test rather increase. Unit my drive individual season tell field.",
        "duracionEstimada": 0.548752117692421,
        "fechaInicio": "2015-03-05",
        "fechaFin": "2016-07-20",
        "creador": 8
    }
},
{
    "model": "creacionModelo.proyecto",
    "pk": 8,
    "fields": {
        "nombre": "Heavy southern last body. Country mean for bank he happen.\nRecent more on nothing hot. Pattern goal ",
        "descripcion": "Couple realize hard fly design give. In news too add Republican become. A big agree system.",
        "duracionEstimada": 0.729673572007562,
        "fechaInicio": "2024-07-27",
        "fechaFin": "1973-10-07",
        "creador": 11
    }
},
{
    "model": "creacionModelo.proyecto",
    "pk": 9,
    "fields": {
        "nombre": "Decide foreign while third style north lead field. Team work join piece about.\nAddress direction maj",
        "descripcion": "Green anything tree democratic can generation.",
        "duracionEstimada": 0.6775756028332756,
        "fechaInicio": "2003-12-02",
        "fechaFin": "1987-04-19",
        "creador": 10
    }
},
{
    "model": "creacionModelo.proyecto",
    "pk": 10,
    "fields": {
        "nombre": "Edge often special. Mr dinner blood bank.\nSimple challenge instead recently benefit. Laugh red trave",
        "descripcion": "Record almost minute wonder reason dark culture. Modern out her compare.\nFact foot behavior assume both bank. Whom drive about hard mother base.",
        "duracionEstimada": 0.606873880221601,
        "fechaInicio": "1996-01-04",
        "fechaFin": "2024-05-26",
        "creador": 2
    }
},
{
    "model": "creacionModelo.proyecto",
    "pk": 11,
    "fields": {
        "nombre": "Politics address hand she. Police family himself today instead PM. Mention crime these simple sectio",
        "descripcion": "North myself return all. Any bank summer soldier act any. Small across no million country stand responsibility.",
        "duracionEstimada": 0.09701751543249726,
        "fechaInicio": "2020-11-29",
        "fechaFin": "1970-02-26",
        "creador": 14
    }
},
{
    "model": "creacionModelo.proyecto",
    "pk": 12,
    "fields": {
        "nombre": "Sometimes different wear pick oil bit sense last. Question medical education myself partner play gre",
        "descripcion": "Human half be former money color. Majority join country hour. Send over news specific organization week.",
        "duracionEstimada": 0.7356416724248365,
        "fechaInicio": "2002-08-05",
        "fechaFin": "2012-11-27",
        "creador": 1
    }
},
{
    "model": "creacionModelo.proyecto",
    "pk": 13,
    "fields": {
        "nombre": "Language others social class worker television very. May back fish present could mean discover.\nColl",
        "descripcion": "Fund chair one head meet. Smile become present minute. West back she travel seem. Probably above guy themselves structure claim after.\nEat consumer stuff. Dog add tonight. Author capital along by.",
        "duracionEstimada": 0.8810051739803461,
        "fechaInicio": "1983-04-24",
        "fechaFin": "2020-11-30",
        "creador": 6
    }
},
{
    "model": "creacionModelo.proyecto",
    "pk": 14,
    "fields": {
        "nombre": "Avoid office material action born. Level statement anything.\nPolitics charge though model technology",
        "descripcion": "Character physical rather. Remain soon their up. Project organization make ok scientist.\nBook local our charge citizen where.\nWhile resource something. Watch door result short task ready.",
        "duracionEstimada": 0.6028884104270743,
        "fechaInicio": "2023-01-28",
        "fechaFin": "2002-04-25",
        "creador": 9
    }
},
{
    "model": "creacionModelo.proyecto",
    "pk": 15,
    "fields": {
        "nombre": "Old money marriage international your about inside. Society view maintain discuss short space need m",
        "descripcion": "Know remember audience role dream mother though. Data every step fire follow. Great control truth late body partner matter entire.",
        "duracionEstimada": 0.014554466101086683,
        "fechaInicio": "2012-10-07",
        "fechaFin": "1971-12-28",
        "creador": 15
    }
},
{
    "model": "creacionModelo.tarea",
    "pk": 1,
    "fields": {
        "titulo": "Institution rise just. Because myself question out him military.\nTrouble onto break trade beyond fas",
        "descripcion": "Compare social soon care. Possible own also policy everything development.\nAnything sister every. Think discover clear debate. Account few few each seem.",
        "prioridad": 9914,
        "estado": "Pendiente",
        "completada": false,
        "fechaCreacion": "2012-04-17",
        "horaVencimiento": "1974-05-09T06:55:42.650",
        "creador": 7,
        "proyecto": 2
    }
},
{
    "model": "creacionModelo.tarea",
    "pk": 2,
    "fields": {
        "titulo": "Office outside yet use road. Trade do various mind board find follow. View operation all movie other",
        "descripcion": "Question impact though high. Late upon travel too together entire item phone.\nAppear also leave structure new. Hard page view rock. Side as section part time key become just.",
        "prioridad": 26097,
        "estado": "Pendiente",
        "completada": false,
        "fechaCreacion": "2020-07-25",
        "horaVencimiento": "2020-12-29T20:44:06.448",
        "creador": 5,
        "proyecto": 9
    }
},
{
    "model": "creacionModelo.tarea",
    "pk": 3,
    "fields": {
        "titulo": "Style between debate person. Whom same remain. See sister whose rest high born vote. Discover hour t",
        "descripcion": "Mr decide research. Also her college account nothing reality.\nAdult Republican water since leader race a. Worker bank writer service. System could wonder activity none project rise.",
        "prioridad": -7549,
        "estado": "Pendiente",
        "completada": false,
        "fechaCreacion": "2017-05-19",
        "horaVencimiento": "1983-01-07T13:44:49.424",
        "creador": 15,
        "proyecto": 10
    }
},
{
    "model": "creacionModelo.tarea",
    "pk": 4,
    "fields": {
        "titulo": "Investment win themselves whether also. Lead night former school ask president serious. Dream argue ",
        "descripcion": "Every set inside outside work service. Sea so nation agent hundred agent loss.\nStudent billion north size five chair add if.",
        "prioridad": 23168,
        "estado": "Pendiente",
        "completada": true,
        "fechaCreacion": "1987-11-27",
        "horaVencimiento": "2009-04-15T06:25:36.836",
        "creador": 7,
        "proyecto": 1
    }
},
{
    "model": "creacionModelo.tarea",
    "pk": 5,
    "fields": {
        "titulo": "Customer class eye admit fill morning. Billion space population red. Whatever site city drop.\nWeight",
        "descripcion": "Process few rate behavior soldier most figure. Life country size floor music teacher even.\nKitchen old perhaps low happen decision.",
        "prioridad": 3872,
        "estado": "Pendiente",
        "completada": false,
        "fechaCreacion": "2006-04-17",
        "horaVencimiento": "1976-07-17T20:47:46.223",
        "creador": 6,
        "proyecto": 10
    }
},
{
    "model": "creacionModelo.tarea",
    "pk": 6,
    "fields": {
        "titulo": "Will around have property.\nBecause fish him pressure just compare. Soldier series case indeed perhap",
        "descripcion": "Once statement than trip task forward audience. Member low including surface read peace.\nKid religious reason stage. Just one skin race.",
        "prioridad": -13588,
        "estado": "Pendiente",
        "completada": false,
        "fechaCreacion": "2014-03-09",
        "horaVencimiento": "2007-12-02T02:31:23.653",
        "creador": 5,
        "proyecto": 15
    }
},
{
    "model": "creacionModelo.tarea",
    "pk": 7,
    "fields": {
        "titulo": "Ready mind close. Rule risk situation eye make across fall. Information culture score become five kn",
        "descripcion": "Nearly able accept morning drug else effect. Your tree pay everyone. Size stay Mrs prove.\nManage fear world something whole in though worry. Others religious strong reach exactly task.",
        "prioridad": 17370,
        "estado": "Pendiente",
        "completada": true,
        "fechaCreacion": "1984-10-21",
        "horaVencimiento": "2018-04-02T23:37:00.925",
        "creador": 6,
        "proyecto": 1
    }
},
{
    "model": "creacionModelo.tarea",
    "pk": 8,
    "fields": {
        "titulo": "Buy beat sign general myself within whose. Offer among everything center rich town. General notice a",
        "descripcion": "Usually other wish. More recognize modern response worker matter. Nation yes soldier speak person participant.\nProperty record Congress even.",
        "prioridad": 22051,
        "estado": "Pendiente",
        "completada": true,
        "fechaCreacion": "2003-10-02",
        "horaVencimiento": "1989-11-24T10:29:56.134",
        "creador": 11,
        "proyecto": 10
    }
},
{
    "model": "creacionModelo.tarea",
    "pk": 9,
    "fields": {
        "titulo": "Common better cup specific range energy manager. Amount pull shake security analysis. In military an",
        "descripcion": "Old major pretty training low. Increase discover television structure senior people war.\nReal market yourself room yet edge. Body matter military school pass. Third table speak door.",
        "prioridad": 32366,
        "estado": "Pendiente",
        "completada": false,
        "fechaCreacion": "2001-08-31",
        "horaVencimiento": "1992-11-28T11:37:21.074",
        "creador": 12,
        "proyecto": 8
    }
},
{
    "model": "creacionModelo.tarea",
    "pk": 10,
    "fields": {
        "titulo": "Land learn technology challenge these president. Miss owner impact home win.",
        "descripcion": "Cost turn car computer assume report admit. Throw house story agreement treatment question.",
        "prioridad": 12775,
        "estado": "Pendiente",
        "completada": false,
        "fechaCreacion": "1980-06-30",
        "horaVencimiento": "1973-09-10T07:59:20.346",
        "creador": 5,
        "proyecto": 9
    }
},
{
    "model": "creacionModelo.tarea",
    "pk": 11,
    "fields": {
        "titulo": "We magazine together away. Enough what organization spend. Water know far present party real adminis",
        "descripcion": "Buy admit join little. Property skin American subject.\nSort skin approach something be PM. What magazine kitchen western president fine already.",
        "prioridad": -26896,
        "estado": "Pendiente",
        "completada": false,
        "fechaCreacion": "1978-10-04",
        "horaVencimiento": "1972-03-16T05:51:59.692",
        "creador": 5,
        "proyecto": 9
    }
},
{
    "model": "creacionModelo.tarea",
    "pk": 12,
    "fields": {
        "titulo": "Statement lawyer glass market suffer voice matter. Which pattern develop community. Trouble situatio",
        "descripcion": "Always single economic work support training reason culture. Various able power gun before build along.\nMention foreign together. Design clear read discover.\nBar create market thing since behavior.",
        "prioridad": 2476,
        "estado": "Pendiente",
        "completada": false,
        "fechaCreacion": "2006-03-25",
        "horaVencimiento": "2022-08-14T07:09:00.086",
        "creador": 10,
        "proyecto": 3
    }
},
{
    "model": "creacionModelo.tarea",
    "pk": 13,
    "fields": {
        "titulo": "Personal cup recent according future special democratic. Woman send like certainly such.",
        "descripcion": "Protect wish finally stock democratic discussion local. Upon administration see responsibility song.",
        "prioridad": 12246,
        "estado": "Pendiente",
        "completada": true,
        "fechaCreacion": "2011-01-18",
        "horaVencimiento": "2018-11-03T23:03:25.722",
        "creador": 1,
        "proyecto": 14
    }
},
{
    "model": "creacionModelo.tarea",
    "pk": 14,
    "fields": {
        "titulo": "Model meeting property according song indeed. Simply respond agree such structure live quickly.\nRoom",
        "descripcion": "Realize close story candidate score he never bill. Face memory different.\nFeel bit he far. Hot around window become price outside.",
        "prioridad": 16756,
        "estado": "Pendiente",
        "completada": true,
        "fechaCreacion": "2009-05-14",
        "horaVencimiento": "2012-02-01T11:55:20.010",
        "creador": 14,
        "proyecto": 5
    }
},
{
    "model": "creacionModelo.tarea",
    "pk": 15,
    "fields": {
        "titulo": "Season thing career science to room different. Several history son meeting because. Whose similar co",
        "descripcion": "Few law stock doctor assume nice military. Wife sense movement nature focus. Mention run actually second.\nTend smile effort official skill with. Bag similar remember resource.",
        "prioridad": 12232,
        "estado": "Pendiente",
        "completada": true,
        "fechaCreacion": "2021-04-05",
        "horaVencimiento": "2008-05-03T06:29:54.013",
        "creador": 13,
        "proyecto": 2
    }
},
{
    "model": "creacionModelo.etiqueta",
    "pk": 1,
    "fields": {}
},
{
    "model": "creacionModelo.etiqueta",
    "pk": 2,
    "fields": {}
},
{
    "model": "creacionModelo.etiqueta",
    "pk": 3,
    "fields": {}
},
{
    "model": "creacionModelo.etiqueta",
    "pk": 4,
    "fields": {}
},
{
    "model": "creacionModelo.etiqueta",
    "pk": 5,
    "fields": {}
},
{
    "model": "creacionModelo.etiqueta",
    "pk": 6,
    "fields": {}
},
{
    "model": "creacionModelo.etiqueta",
    "pk": 7,
    "fields": {}
},
{
    "model": "creacionModelo.etiqueta",
    "pk": 8,
    "fields": {}
},
{
    "model": "creacionModelo.etiqueta",
    "pk": 9,
    "fields": {}
},
{
    "model": "creacionModelo.etiqueta",
    "pk": 10,
    "fields": {}
},
{
    "model": "creacionModelo.etiqueta",
    "pk": 11,
    "fields": {}
},
{
    "model": "creacionModelo.etiqueta",
    "pk": 12,
    "fields": {}
},
{
    "model": "creacionModelo.etiqueta",
    "pk": 13,
    "fields": {}
},
{
    "model": "creacionModelo.etiqueta",
    "pk": 14,
    "fields": {}
},
{
    "model": "creacionModelo.etiqueta",
    "pk": 15,
    "fields": {}
},
{
    "model": "creacionModelo.asignaciondetarea",
    "pk": 1,
    "fields": {
        "tarea": 15,
        "usuario": 10,
        "observaciones": "Alone now together. Wind order place water computer.\nGo social final well either result life. Debate possible process represent year themselves ten including.",
        "fechaAsignacion": "2004-04-29"
    }
},
{
    "model": "creacionModelo.asignaciondetarea",
    "pk": 2,
    "fields": {
        "tarea": 12,
        "usuario": 6,
        "observaciones": "Event look interest business civil number. Adult too nothing before.\nProgram lawyer spring any. Ball offer middle social could.",
        "fechaAsignacion": "2016-12-10"
    }
},
{
    "model": "creacionModelo.asignaciondetarea",
    "pk": 3,
    "fields": {
        "tarea": 2,
        "usuario": 2,
        "observaciones": "Fire change rise everything.\nSport cause some front. Traditional hotel to land important education. Else message manager kind until per.",
        "fechaAsignacion": "2017-01-19"
    }
},
{
    "model": "creacionModelo.asignaciondetarea",
    "pk": 4,
    "fields": {
        "tarea": 12,
        "usuario": 5,
        "observaciones": "Turn tend pay good democratic. To probably program only director season subject.\nOil spring goal. Still goal woman recently. Painting consumer expect. Main night begin training.",
        "fechaAsignacion": "1995-05-26"
    }
},
{
    "model": "creacionModelo.asignaciondetarea",
    "pk": 5,
    "fields": {
        "tarea": 15,
        "usuario": 14,
        "observaciones": "Require follow on father audience plan behavior. Blue result beautiful long best. Effect scene son training democratic above none.",
        "fechaAsignacion": "2003-02-27"
    }
},
{
    "model": "creacionModelo.asignaciondetarea",
    "pk": 6,
    "fields": {
        "tarea": 7,
        "usuario": 8,
        "observaciones": "Property less before shoulder agent every appear. Plant road attack evening suggest including always. Fish long kind direction treatment character.",
        "fechaAsignacion": "2014-09-14"
    }
},
{
    "model": "creacionModelo.asignaciondetarea",
    "pk": 7,
    "fields": {
        "tarea": 14,
        "usuario": 11,
        "observaciones": "Teacher federal animal because animal. Employee trouble keep generation pick behind. Break article pay age free.",
        "fechaAsignacion": "1987-04-15"
    }
},
{
    "model": "creacionModelo.asignaciondetarea",
    "pk": 8,
    "fields": {
        "tarea": 15,
        "usuario": 15,
        "observaciones": "Ago task president decade five. Her live should success parent happy. Magazine within major woman structure.\nWrite consider property. Others also near my. Like certainly suddenly whose hair score.",
        "fechaAsignacion": "2023-11-21"
    }
},
{
    "model": "creacionModelo.asignaciondetarea",
    "pk": 9,
    "fields": {
        "tarea": 4,
        "usuario": 9,
        "observaciones": "Radio mission really see.\nThey science upon dinner community. These fine staff save line.",
        "fechaAsignacion": "1976-01-16"
    }
},
{
    "model": "creacionModelo.asignaciondetarea",
    "pk": 10,
    "fields": {
        "tarea": 6,
        "usuario": 1,
        "observaciones": "Role thing despite answer marriage share. Lawyer art hard very professor shoulder. Organization near tonight become near media hotel.",
        "fechaAsignacion": "2007-05-06"
    }
},
{
    "model": "creacionModelo.asignaciondetarea",
    "pk": 11,
    "fields": {
        "tarea": 10,
        "usuario": 4,
        "observaciones": "Participant put buy answer across series. War see campaign get while never third.",
        "fechaAsignacion": "2002-11-11"
    }
},
{
    "model": "creacionModelo.asignaciondetarea",
    "pk": 12,
    "fields": {
        "tarea": 8,
        "usuario": 8,
        "observaciones": "Which affect free much house no this. Order table address suffer state important however decide. Four focus tax draw speak him.",
        "fechaAsignacion": "2023-10-04"
    }
},
{
    "model": "creacionModelo.asignaciondetarea",
    "pk": 13,
    "fields": {
        "tarea": 1,
        "usuario": 6,
        "observaciones": "Position arm Republican statement office coach. Game sister admit wrong himself. Reason present consider page wife speech. Paper develop total.\nHold blood all five size push.",
        "fechaAsignacion": "2006-01-13"
    }
},
{
    "model": "creacionModelo.asignaciondetarea",
    "pk": 14,
    "fields": {
        "tarea": 1,
        "usuario": 13,
        "observaciones": "Thought PM behavior point. Bad media old likely relationship. Process together other head condition study.\nClaim piece myself. Effort mention every network success. Second item always maybe special.",
        "fechaAsignacion": "2000-01-23"
    }
},
{
    "model": "creacionModelo.asignaciondetarea",
    "pk": 15,
    "fields": {
        "tarea": 11,
        "usuario": 1,
        "observaciones": "Station ahead world impact gun single organization season. Wonder leg question place hard.\nCut center project by cultural eight. It beat eye night accept.",
        "fechaAsignacion": "1999-03-02"
    }
},
{
    "model": "creacionModelo.comentario",
    "pk": 1,
    "fields": {
        "contenido": "Affect media outside yard pretty weight everyone. Stop rate law sometimes capital collection street. New civil seek letter politics.\nDo grow beat we morning. Necessary seven cultural collection.",
        "fechaComentario": "1984-11-16",
        "autor": 8,
        "tarea": 9
    }
},
{
    "model": "creacionModelo.comentario",
    "pk": 2,
    "fields": {
        "contenido": "Opportunity agreement tell.\nAll light thank medical top. Mind serve these pull.\nMind open TV truth design young. Office customer quickly job before apply all.",
        "fechaComentario": "2002-08-09",
        "autor": 11,
        "tarea": 2
    }
},
{
    "model": "creacionModelo.comentario",
    "pk": 3,
    "fields": {
        "contenido": "Quickly director so security certain. Think contain statement southern reduce.\nAnd join head be body. Firm against low name theory short.",
        "fechaComentario": "2020-02-26",
        "autor": 12,
        "tarea": 5
    }
},
{
    "model": "creacionModelo.comentario",
    "pk": 4,
    "fields": {
        "contenido": "Walk degree process dark bad stay. Set trouble effort nothing right line. Give baby leave bank paper think memory. Call yes list task soon produce building.",
        "fechaComentario": "2000-05-01",
        "autor": 14,
        "tarea": 6
    }
},
{
    "model": "creacionModelo.comentario",
    "pk": 5,
    "fields": {
        "contenido": "Power point or who later play. Difficult baby you court establish determine point. Season billion ball already science particular cold. Like hear include threat law above.",
        "fechaComentario": "1990-11-15",
        "autor": 12,
        "tarea": 4
    }
},
{
    "model": "creacionModelo.comentario",
    "pk": 6,
    "fields": {
        "contenido": "Happy gas star voice rather. Which include building including dog. Skin as contain wonder challenge. Drive realize science view see major explain.\nIncrease south better bring new. Them affect choose.",
        "fechaComentario": "1992-06-18",
        "autor": 2,
        "tarea": 4
    }
},
{
    "model": "creacionModelo.comentario",
    "pk": 7,
    "fields": {
        "contenido": "Why tend idea movement edge along mouth middle. Evening join front moment individual particular.\nBank tonight instead nor. Sort benefit camera move none movie job.",
        "fechaComentario": "1976-03-18",
        "autor": 11,
        "tarea": 12
    }
},
{
    "model": "creacionModelo.comentario",
    "pk": 8,
    "fields": {
        "contenido": "Small sign sometimes spend necessary very. Summer effect onto capital significant. Despite every option produce get check.\nLevel fine likely interest indeed.",
        "fechaComentario": "2023-01-11",
        "autor": 2,
        "tarea": 12
    }
},
{
    "model": "creacionModelo.comentario",
    "pk": 9,
    "fields": {
        "contenido": "Both involve back while account. Time impact enough food suddenly draw. Project hope race interest tax.",
        "fechaComentario": "1977-12-27",
        "autor": 7,
        "tarea": 12
    }
},
{
    "model": "creacionModelo.comentario",
    "pk": 10,
    "fields": {
        "contenido": "Traditional trip before mouth themselves before food. Summer brother fund born.",
        "fechaComentario": "1982-08-10",
        "autor": 6,
        "tarea": 12
    }
},
{
    "model": "creacionModelo.comentario",
    "pk": 11,
    "fields": {
        "contenido": "Option media particular throughout. Stuff capital enjoy public ready amount believe. Able should environmental stock win stage. Network stand include bit station fill security.",
        "fechaComentario": "2020-04-24",
        "autor": 12,
        "tarea": 1
    }
},
{
    "model": "creacionModelo.comentario",
    "pk": 12,
    "fields": {
        "contenido": "Level during community become. Grow break office cold character.\nDoor news opportunity interesting. Table truth set where positive. Also once left scene.",
        "fechaComentario": "2011-05-02",
        "autor": 14,
        "tarea": 2
    }
},
{
    "model": "creacionModelo.comentario",
    "pk": 13,
    "fields": {
        "contenido": "Office star difference age news. Plant on ability official. Meet concern thing seven.\nAfter them despite event kid either site. Simple above attorney. Live worry majority notice government.",
        "fechaComentario": "2010-02-04",
        "autor": 7,
        "tarea": 6
    }
},
{
    "model": "creacionModelo.comentario",
    "pk": 14,
    "fields": {
        "contenido": "Later still start wind many. Art measure so learn.\nFrom thing by manager reduce. Executive less plant. Question no Democrat hotel big. Too know song sometimes situation culture.",
        "fechaComentario": "1985-07-16",
        "autor": 12,
        "tarea": 8
    }
},
{
    "model": "creacionModelo.comentario",
    "pk": 15,
    "fields": {
        "contenido": "Practice somebody approach prepare ten word ask. Society wonder require design grow discuss worry. Wait avoid easy they order summer.",
        "fechaComentario": "1976-10-18",
        "autor": 5,
        "tarea": 3
    }
},
{
    "model": "creacionModelo.usuario_proyecto",
    "pk": 1,
    "fields": {
        "usuario": 2,
        "proyecto": 1
    }
},
{
    "model": "creacionModelo.usuario_proyecto",
    "pk": 2,
    "fields": {
        "usuario": 3,
        "proyecto": 1
    }
},
{
    "model": "creacionModelo.usuario_proyecto",
    "pk": 3,
    "fields": {
        "usuario": 15,
        "proyecto": 1
    }
},
{
    "model": "creacionModelo.usuario_proyecto",
    "pk": 4,
    "fields": {
        "usuario": 14,
        "proyecto": 1
    }
},
{
    "model": "creacionModelo.usuario_proyecto",
    "pk": 5,
    "fields": {
        "usuario": 11,
        "proyecto": 2
    }
},
{
    "model": "creacionModelo.usuario_proyecto",
    "pk": 6,
    "fields": {
        "usuario": 15,
        "proyecto": 2
    }
},
{
    "model": "creacionModelo.usuario_proyecto",
    "pk": 7,
    "fields": {
        "usuario": 5,
        "proyecto": 3
    }
},
{
    "model": "creacionModelo.usuario_proyecto",
    "pk": 8,
    "fields": {
        "usuario": 14,
        "proyecto": 4
    }
},
{
    "model": "creacionModelo.usuario_proyecto",
    "pk": 9,
    "fields": {
        "usuario": 9,
        "proyecto": 4
    }
},
{
    "model": "creacionModelo.usuario_proyecto",
    "pk": 10,
    "fields": {
        "usuario": 10,
        "proyecto": 5
    }
},
{
    "model": "creacionModelo.usuario_proyecto",
    "pk": 11,
    "fields": {
        "usuario": 12,
        "proyecto": 5
    }
},
{
    "model": "creacionModelo.usuario_proyecto",
    "pk": 12,
    "fields": {
        "usuario": 8,
        "proyecto": 5
    }
},
{
    "model": "creacionModelo.usuario_proyecto",
    "pk": 13,
    "fields": {
        "usuario": 1,
        "proyecto": 5
    }
},
{
    "model": "creacionModelo.usuario_proyecto",
    "pk": 14,
    "fields": {
        "usuario": 8,
        "proyecto": 6
    }
},
{
    "model": "creacionModelo.usuario_proyecto",
    "pk": 15,
    "fields": {
        "usuario": 10,
        "proyecto": 7
    }
},
{
    "model": "creacionModelo.usuario_proyecto",
    "pk": 16,
    "fields": {
        "usuario": 1,
        "proyecto": 8
    }
},
{
    "model": "creacionModelo.usuario_proyecto",
    "pk": 17,
    "fields": {
        "usuario": 2,
        "proyecto": 9
    }
},
{
    "model": "creacionModelo.usuario_proyecto",
    "pk": 18,
    "fields": {
        "usuario": 5,
        "proyecto": 10
    }
},
{
    "model": "creacionModelo.usuario_proyecto",
    "pk": 19,
    "fields": {
        "usuario": 13,
        "proyecto": 10
    }
},
{
    "model": "creacionModelo.usuario_proyecto",
    "pk": 20,
    "fields": {
        "usuario": 8,
        "proyecto": 10
    }
},
{
    "model": "creacionModelo.usuario_proyecto",
    "pk": 21,
    "fields": {
        "usuario": 5,
        "proyecto": 11
    }
},
{
    "model": "creacionModelo.usuario_proyecto",
    "pk": 22,
    "fields": {
        "usuario": 4,
        "proyecto": 11
    }
},
{
    "model": "creacionModelo.usuario_proyecto",
    "pk": 23,
    "fields": {
        "usuario": 2,
        "proyecto": 12
    }
},
{
    "model": "creacionModelo.usuario_proyecto",
    "pk": 24,
    "fields": {
        "usuario": 13,
        "proyecto": 12
    }
},
{
    "model": "creacionModelo.usuario_proyecto",
    "pk": 25,
    "fields": {
        "usuario": 14,
        "proyecto": 12
    }
},
{
    "model": "creacionModelo.usuario_proyecto",
    "pk": 26,
    "fields": {
        "usuario": 3,
        "proyecto": 13
    }
},
{
    "model": "creacionModelo.usuario_proyecto",
    "pk": 27,
    "fields": {
        "usuario": 2,
        "proyecto": 14
    }
},
{
    "model": "creacionModelo.usuario_proyecto",
    "pk": 28,
    "fields": {
        "usuario": 11,
        "proyecto": 14
    }
},
{
    "model": "creacionModelo.usuario_proyecto",
    "pk": 29,
    "fields": {
        "usuario": 8,
        "proyecto": 15
    }
},
{
    "model": "creacionModelo.usuario_proyecto",
    "pk": 30,
    "fields": {
        "usuario": 11,
        "proyecto": 15
    }
},
{
    "model": "creacionModelo.usuario_proyecto",
    "pk": 31,
    "fields": {
        "usuario": 11,
        "proyecto": 13
    }
},
{
    "model": "creacionModelo.usuario_proyecto",
    "pk": 32,
    "fields": {
        "usuario": 8,
        "proyecto": 4
    }
},
{
    "model": "creacionModelo.usuario_proyecto",
    "pk": 33,
    "fields": {
        "usuario": 7,
        "proyecto": 9
    }
},
{
    "model": "creacionModelo.usuario_proyecto",
    "pk": 34,
    "fields": {
        "usuario": 13,
        "proyecto": 10
    }
},
{
    "model": "creacionModelo.usuario_proyecto",
    "pk": 35,
    "fields": {
        "usuario": 8,
        "proyecto": 4
    }
},
{
    "model": "creacionModelo.usuario_proyecto",
    "pk": 36,
    "fields": {
        "usuario": 11,
        "proyecto": 12
    }
},
{
    "model": "creacionModelo.usuario_proyecto",
    "pk": 37,
    "fields": {
        "usuario": 2,
        "proyecto": 2
    }
},
{
    "model": "creacionModelo.usuario_proyecto",
    "pk": 38,
    "fields": {
        "usuario": 14,
        "proyecto": 5
    }
},
{
    "model": "creacionModelo.usuario_proyecto",
    "pk": 39,
    "fields": {
        "usuario": 7,
        "proyecto": 8
    }
},
{
    "model": "creacionModelo.usuario_proyecto",
    "pk": 40,
    "fields": {
        "usuario": 14,
        "proyecto": 2
    }
},
{
    "model": "creacionModelo.usuario_proyecto",
    "pk": 41,
    "fields": {
        "usuario": 14,
        "proyecto": 3
    }
},
{
    "model": "creacionModelo.usuario_proyecto",
    "pk": 42,
    "fields": {
        "usuario": 15,
        "proyecto": 2
    }
},
{
    "model": "creacionModelo.usuario_proyecto",
    "pk": 43,
    "fields": {
        "usuario": 8,
        "proyecto": 3
    }
},
{
    "model": "creacionModelo.usuario_proyecto",
    "pk": 44,
    "fields": {
        "usuario": 6,
        "proyecto": 7
    }
},
{
    "model": "creacionModelo.usuario_proyecto",
    "pk": 45,
    "fields": {
        "usuario": 7,
        "proyecto": 3
    }
},
{
    "model": "creacionModelo.usuarios_tareas",
    "pk": 1,
    "fields": {
        "usuario": 5,
        "tarea": 1
    }
},
{
    "model": "creacionModelo.usuarios_tareas",
    "pk": 2,
    "fields": {
        "usuario": 1,
        "tarea": 1
    }
},
{
    "model": "creacionModelo.usuarios_tareas",
    "pk": 3,
    "fields": {
        "usuario": 2,
        "tarea": 2
    }
},
{
    "model": "creacionModelo.usuarios_tareas",
    "pk": 4,
    "fields": {
        "usuario": 4,
        "tarea": 3
    }
},
{
    "model": "creacionModelo.usuarios_tareas",
    "pk": 5,
    "fields": {
        "usuario": 3,
        "tarea": 3
    }
},
{
    "model": "creacionModelo.usuarios_tareas",
    "pk": 6,
    "fields": {
        "usuario": 7,
        "tarea": 3
    }
},
{
    "model": "creacionModelo.usuarios_tareas",
    "pk": 7,
    "fields": {
        "usuario": 2,
        "tarea": 4
    }
},
{
    "model": "creacionModelo.usuarios_tareas",
    "pk": 8,
    "fields": {
        "usuario": 11,
        "tarea": 4
    }
},
{
    "model": "creacionModelo.usuarios_tareas",
    "pk": 9,
    "fields": {
        "usuario": 9,
        "tarea": 4
    }
},
{
    "model": "creacionModelo.usuarios_tareas",
    "pk": 10,
    "fields": {
        "usuario": 10,
        "tarea": 4
    }
},
{
    "model": "creacionModelo.usuarios_tareas",
    "pk": 11,
    "fields": {
        "usuario": 12,
        "tarea": 5
    }
},
{
    "model": "creacionModelo.usuarios_tareas",
    "pk": 12,
    "fields": {
        "usuario": 7,
        "tarea": 6
    }
},
{
    "model": "creacionModelo.usuarios_tareas",
    "pk": 13,
    "fields": {
        "usuario": 10,
        "tarea": 6
    }
},
{
    "model": "creacionModelo.usuarios_tareas",
    "pk": 14,
    "fields": {
        "usuario": 9,
        "tarea": 6
    }
},
{
    "model": "creacionModelo.usuarios_tareas",
    "pk": 15,
    "fields": {
        "usuario": 12,
        "tarea": 6
    }
},
{
    "model": "creacionModelo.usuarios_tareas",
    "pk": 16,
    "fields": {
        "usuario": 15,
        "tarea": 7
    }
},
{
    "model": "creacionModelo.usuarios_tareas",
    "pk": 17,
    "fields": {
        "usuario": 12,
        "tarea": 8
    }
},
{
    "model": "creacionModelo.usuarios_tareas",
    "pk": 18,
    "fields": {
        "usuario": 8,
        "tarea": 8
    }
},
{
    "model": "creacionModelo.usuarios_tareas",
    "pk": 19,
    "fields": {
        "usuario": 11,
        "tarea": 8
    }
},
{
    "model": "creacionModelo.usuarios_tareas",
    "pk": 20,
    "fields": {
        "usuario": 12,
        "tarea": 9
    }
},
{
    "model": "creacionModelo.usuarios_tareas",
    "pk": 21,
    "fields": {
        "usuario": 2,
        "tarea": 9
    }
},
{
    "model": "creacionModelo.usuarios_tareas",
    "pk": 22,
    "fields": {
        "usuario": 5,
        "tarea": 10
    }
},
{
    "model": "creacionModelo.usuarios_tareas",
    "pk": 23,
    "fields": {
        "usuario": 4,
        "tarea": 10
    }
},
{
    "model": "creacionModelo.usuarios_tareas",
    "pk": 24,
    "fields": {
        "usuario": 7,
        "tarea": 10
    }
},
{
    "model": "creacionModelo.usuarios_tareas",
    "pk": 25,
    "fields": {
        "usuario": 7,
        "tarea": 11
    }
},
{
    "model": "creacionModelo.usuarios_tareas",
    "pk": 26,
    "fields": {
        "usuario": 3,
        "tarea": 12
    }
},
{
    "model": "creacionModelo.usuarios_tareas",
    "pk": 27,
    "fields": {
        "usuario": 9,
        "tarea": 12
    }
},
{
    "model": "creacionModelo.usuarios_tareas",
    "pk": 28,
    "fields": {
        "usuario": 15,
        "tarea": 12
    }
},
{
    "model": "creacionModelo.usuarios_tareas",
    "pk": 29,
    "fields": {
        "usuario": 5,
        "tarea": 12
    }
},
{
    "model": "creacionModelo.usuarios_tareas",
    "pk": 30,
    "fields": {
        "usuario": 9,
        "tarea": 13
    }
},
{
    "model": "creacionModelo.usuarios_tareas",
    "pk": 31,
    "fields": {
        "usuario": 2,
        "tarea": 13
    }
},
{
    "model": "creacionModelo.usuarios_tareas",
    "pk": 32,
    "fields": {
        "usuario": 13,
        "tarea": 13
    }
},
{
    "model": "creacionModelo.usuarios_tareas",
    "pk": 33,
    "fields": {
        "usuario": 11,
        "tarea": 13
    }
},
{
    "model": "creacionModelo.usuarios_tareas",
    "pk": 34,
    "fields": {
        "usuario": 5,
        "tarea": 14
    }
},
{
    "model": "creacionModelo.usuarios_tareas",
    "pk": 35,
    "fields": {
        "usuario": 9,
        "tarea": 14
    }
},
{
    "model": "creacionModelo.usuarios_tareas",
    "pk": 36,
    "fields": {
        "usuario": 14,
        "tarea": 14
    }
},
{
    "model": "creacionModelo.usuarios_tareas",
    "pk": 37,
    "fields": {
        "usuario": 7,
        "tarea": 15
    }
},
{
    "model": "creacionModelo.usuarios_tareas",
    "pk": 38,
    "fields": {
        "usuario": 9,
        "tarea": 1
    }
},
{
    "model": "creacionModelo.usuarios_tareas",
    "pk": 39,
    "fields": {
        "usuario": 4,
        "tarea": 11
    }
},
{
    "model": "creacionModelo.usuarios_tareas",
    "pk": 40,
    "fields": {
        "usuario": 15,
        "tarea": 14
    }
},
{
    "model": "creacionModelo.usuarios_tareas",
    "pk": 41,
    "fields": {
        "usuario": 9,
        "tarea": 7
    }
},
{
    "model": "creacionModelo.usuarios_tareas",
    "pk": 42,
    "fields": {
        "usuario": 7,
        "tarea": 13
    }
},
{
    "model": "creacionModelo.usuarios_tareas",
    "pk": 43,
    "fields": {
        "usuario": 9,
        "tarea": 2
    }
},
{
    "model": "creacionModelo.usuarios_tareas",
    "pk": 44,
    "fields": {
        "usuario": 6,
        "tarea": 8
    }
},
{
    "model": "creacionModelo.usuarios_tareas",
    "pk": 45,
    "fields": {
        "usuario": 14,
        "tarea": 3
    }
},
{
    "model": "creacionModelo.usuarios_tareas",
    "pk": 46,
    "fields": {
        "usuario": 6,
        "tarea": 6
    }
},
{
    "model": "creacionModelo.usuarios_tareas",
    "pk": 47,
    "fields": {
        "usuario": 12,
        "tarea": 13
    }
},
{
    "model": "creacionModelo.usuarios_tareas",
    "pk": 48,
    "fields": {
        "usuario": 9,
        "tarea": 13
    }
},
{
    "model": "creacionModelo.usuarios_tareas",
    "pk": 49,
    "fields": {
        "usuario": 12,
        "tarea": 9
    }
},
{
    "model": "creacionModelo.usuarios_tareas",
    "pk": 50,
    "fields": {
        "usuario": 15,
        "tarea": 4
    }
},
{
    "model": "creacionModelo.usuarios_tareas",
    "pk": 51,
    "fields": {
        "usuario": 11,
        "tarea": 2
    }
},
{
    "model": "creacionModelo.usuarios_tareas",
    "pk": 52,
    "fields": {
        "usuario": 8,
        "tarea": 9
    }
},
{
    "model": "creacionModelo.tarea_etiqueta",
    "pk": 1,
    "fields": {
        "tarea": 1,
        "etiqueta": 1
    }
},
{
    "model": "creacionModelo.tarea_etiqueta",
    "pk": 2,
    "fields": {
        "tarea": 15,
        "etiqueta": 1
    }
},
{
    "model": "creacionModelo.tarea_etiqueta",
    "pk": 3,
    "fields": {
        "tarea": 2,
        "etiqueta": 1
    }
},
{
    "model": "creacionModelo.tarea_etiqueta",
    "pk": 4,
    "fields": {
        "tarea": 10,
        "etiqueta": 2
    }
},
{
    "model": "creacionModelo.tarea_etiqueta",
    "pk": 5,
    "fields": {
        "tarea": 13,
        "etiqueta": 2
    }
},
{
    "model": "creacionModelo.tarea_etiqueta",
    "pk": 6,
    "fields": {
        "tarea": 2,
        "etiqueta": 3
    }
},
{
    "model": "creacionModelo.tarea_etiqueta",
    "pk": 7,
    "fields": {
        "tarea": 5,
        "etiqueta": 4
    }
},
{
    "model": "creacionModelo.tarea_etiqueta",
    "pk": 8,
    "fields": {
        "tarea": 7,
        "etiqueta": 4
    }
},
{
    "model": "creacionModelo.tarea_etiqueta",
    "pk": 9,
    "fields": {
        "tarea": 8,
        "etiqueta": 4
    }
},
{
    "model": "creacionModelo.tarea_etiqueta",
    "pk": 10,
    "fields": {
        "tarea": 4,
        "etiqueta": 4
    }
},
{
    "model": "creacionModelo.tarea_etiqueta",
    "pk": 11,
    "fields": {
        "tarea": 4,
        "etiqueta": 5
    }
},
{
    "model": "creacionModelo.tarea_etiqueta",
    "pk": 12,
    "fields": {
        "tarea": 5,
        "etiqueta": 5
    }
},
{
    "model": "creacionModelo.tarea_etiqueta",
    "pk": 13,
    "fields": {
        "tarea": 12,
        "etiqueta": 5
    }
},
{
    "model": "creacionModelo.tarea_etiqueta",
    "pk": 14,
    "fields": {
        "tarea": 4,
        "etiqueta": 6
    }
},
{
    "model": "creacionModelo.tarea_etiqueta",
    "pk": 15,
    "fields": {
        "tarea": 9,
        "etiqueta": 6
    }
},
{
    "model": "creacionModelo.tarea_etiqueta",
    "pk": 16,
    "fields": {
        "tarea": 5,
        "etiqueta": 7
    }
},
{
    "model": "creacionModelo.tarea_etiqueta",
    "pk": 17,
    "fields": {
        "tarea": 13,
        "etiqueta": 7
    }
},
{
    "model": "creacionModelo.tarea_etiqueta",
    "pk": 18,
    "fields": {
        "tarea": 4,
        "etiqueta": 7
    }
},
{
    "model": "creacionModelo.tarea_etiqueta",
    "pk": 19,
    "fields": {
        "tarea": 14,
        "etiqueta": 7
    }
},
{
    "model": "creacionModelo.tarea_etiqueta",
    "pk": 20,
    "fields": {
        "tarea": 9,
        "etiqueta": 8
    }
},
{
    "model": "creacionModelo.tarea_etiqueta",
    "pk": 21,
    "fields": {
        "tarea": 12,
        "etiqueta": 8
    }
},
{
    "model": "creacionModelo.tarea_etiqueta",
    "pk": 22,
    "fields": {
        "tarea": 2,
        "etiqueta": 8
    }
},
{
    "model": "creacionModelo.tarea_etiqueta",
    "pk": 23,
    "fields": {
        "tarea": 4,
        "etiqueta": 8
    }
},
{
    "model": "creacionModelo.tarea_etiqueta",
    "pk": 24,
    "fields": {
        "tarea": 14,
        "etiqueta": 9
    }
},
{
    "model": "creacionModelo.tarea_etiqueta",
    "pk": 25,
    "fields": {
        "tarea": 10,
        "etiqueta": 9
    }
},
{
    "model": "creacionModelo.tarea_etiqueta",
    "pk": 26,
    "fields": {
        "tarea": 14,
        "etiqueta": 10
    }
},
{
    "model": "creacionModelo.tarea_etiqueta",
    "pk": 27,
    "fields": {
        "tarea": 6,
        "etiqueta": 10
    }
},
{
    "model": "creacionModelo.tarea_etiqueta",
    "pk": 28,
    "fields": {
        "tarea": 15,
        "etiqueta": 10
    }
},
{
    "model": "creacionModelo.tarea_etiqueta",
    "pk": 29,
    "fields": {
        "tarea": 7,
        "etiqueta": 10
    }
},
{
    "model": "creacionModelo.tarea_etiqueta",
    "pk": 30,
    "fields": {
        "tarea": 5,
        "etiqueta": 11
    }
},
{
    "model": "creacionModelo.tarea_etiqueta",
    "pk": 31,
    "fields": {
        "tarea": 2,
        "etiqueta": 11
    }
},
{
    "model": "creacionModelo.tarea_etiqueta",
    "pk": 32,
    "fields": {
        "tarea": 14,
        "etiqueta": 11
    }
},
{
    "model": "creacionModelo.tarea_etiqueta",
    "pk": 33,
    "fields": {
        "tarea": 4,
        "etiqueta": 12
    }
},
{
    "model": "creacionModelo.tarea_etiqueta",
    "pk": 34,
    "fields": {
        "tarea": 6,
        "etiqueta": 12
    }
},
{
    "model": "creacionModelo.tarea_etiqueta",
    "pk": 35,
    "fields": {
        "tarea": 9,
        "etiqueta": 13
    }
},
{
    "model": "creacionModelo.tarea_etiqueta",
    "pk": 36,
    "fields": {
        "tarea": 15,
        "etiqueta": 14
    }
},
{
    "model": "creacionModelo.tarea_etiqueta",
    "pk": 37,
    "fields": {
        "tarea": 12,
        "etiqueta": 14
    }
},
{
    "model": "creacionModelo.tarea_etiqueta",
    "pk": 38,
    "fields": {
        "tarea": 5,
        "etiqueta": 14
    }
},
{
    "model": "creacionModelo.tarea_etiqueta",
    "pk": 39,
    "fields": {
        "tarea": 12,
        "etiqueta": 15
    }
},
{
    "model": "creacionModelo.tarea_etiqueta",
    "pk": 40,
    "fields": {
        "tarea": 5,
        "etiqueta": 15
    }
},
{
    "model": "creacionModelo.tarea_etiqueta",
    "pk": 41,
    "fields": {
        "tarea": 3,
        "etiqueta": 15
    }
},
{
    "model": "creacionModelo.tarea_etiqueta",
    "pk": 42,
    "fields": {
        "tarea": 12,
        "etiqueta": 5
    }
},
{
    "model": "creacionModelo.tarea_etiqueta",
    "pk": 43,
    "fields": {
        "tarea": 5,
        "etiqueta": 7
    }
},
{
    "model": "creacionModelo.tarea_etiqueta",
    "pk": 44,
    "fields": {
        "tarea": 6,
        "etiqueta": 7
    }
},
{
    "model": "creacionModelo.tarea_etiqueta",
    "pk": 45,
    "fields": {
        "tarea": 5,
        "etiqueta": 7
    }
},
{
    "model": "creacionModelo.tarea_etiqueta",
    "pk": 46,
    "fields": {
        "tarea": 2,
        "etiqueta": 4
    }
},
{
    "model": "creacionModelo.tarea_etiqueta",
    "pk": 47,
    "fields": {
        "tarea": 1,
        "etiqueta": 6
    }
},
{
    "model": "creacionModelo.tarea_etiqueta",
    "pk": 48,
    "fields": {
        "tarea": 1,
        "etiqueta": 11
    }
},
{
    "model": "creacionModelo.tarea_etiqueta",
    "pk": 49,
    "fields": {
        "tarea": 3,
        "etiqueta": 1
    }
},
{
    "model": "creacionModelo.tarea_etiqueta",
    "pk": 50,
    "fields": {
        "tarea": 4,
        "etiqueta": 7
    }
},
{
    "model": "creacionModelo.tarea_etiqueta",
    "pk": 51,
    "fields": {
        "tarea": 9,
        "etiqueta": 6
    }
},
{
    "model": "creacionModelo.tarea_etiqueta",
    "pk": 52,
    "fields": {
        "tarea": 1,
        "etiqueta": 15
    }
},
{
    "model": "creacionModelo.tarea_etiqueta",
    "pk": 53,
    "fields": {
        "tarea": 11,
        "etiqueta": 11
    }
},
{
    "model": "creacionModelo.tarea_etiqueta",
    "pk": 54,
    "fields": {
        "tarea": 3,
        "etiqueta": 15
    }
},
{
    "model": "creacionModelo.tarea_etiqueta",
    "pk": 55,
    "fields": {
        "tarea": 14,
        "etiqueta": 13
    }
},
{
    "model": "creacionModelo.tarea_etiqueta",
    "pk": 56,
    "fields": {
        "tarea": 9,
        "etiqueta": 9
    }
}
]
